<?xml version="1.0"?>
<doc>
    <assembly>
        <name>HotelFinder.API</name>
    </assembly>
    <members>
        <member name="M:HotelFinder.API.Controller.HotelsController.Get">
            <summary>
            Get All Hotels
            </summary>
            <returns></returns>
        </member>
        <member name="M:HotelFinder.API.Controller.HotelsController.GetHotelById(System.Int32)">
            <summary>
            Get hotel by ıd
            </summary>
            <param name="id"></param>
            <returns></returns>
        </member>
        <member name="M:HotelFinder.API.Controller.HotelsController.GetHotelByName(System.String)">
            <summary>
            Get Hotel By Name
            </summary>
            <param name="name"></param>
            <returns></returns>
        </member>
        <member name="M:HotelFinder.API.Controller.HotelsController.CreateHotel(HotelFinder.Entities.Hotel)">
            <summary>
            Create an hotel
            </summary>
            <param name="hotel"></param>
            <returns></returns>
        </member>
        <member name="M:HotelFinder.API.Controller.HotelsController.UpdateHotel(HotelFinder.Entities.Hotel)">
            <summary>
            Update the hotel
            </summary>
            <param name="hotel"></param>
            <returns></returns>
        </member>
        <member name="M:HotelFinder.API.Controller.HotelsController.DeleteHotel(System.Int32)">
            <summary>
            Delete the hotel
            </summary>
            <param name="id"></param>
        </member>
    </members>
</doc>
